{
  "train_loss": [
    224245388.93506494,
    143054418.7012987,
    114466221.2987013,
    100036328.72727273,
    87743353.03896104,
    86025638.54545455,
    78227309.19480519,
    74238420.67532468,
    65874367.37662338,
    65415325.66233766,
    57357510.54545455,
    60127209.87012987,
    52658873.50649351,
    57255200.83116883,
    45296529.2987013,
    51567063.48051948,
    50082335.16883117,
    52049359.896103896,
    53158813.1948052,
    53924684.25974026,
    50076800.103896104,
    48520762.597402595,
    40568327.246753246,
    42981835.948051944,
    38447488.415584415,
    33447432.51948052,
    41814301.402597405,
    38482514.85714286,
    41636417.14285714,
    42290455.68831169,
    32312234.753246754,
    32519427.844155844,
    41956968.051948056,
    43051007.896103896,
    41284046.18181818,
    32287726.181818184,
    31808009.87012987,
    37672131.55844156,
    35543456.415584415,
    32189252.363636363,
    39478318.02597403,
    42987695.064935066,
    39297478.077922076,
    31111317.4025974,
    30121966.33766234,
    29939283.376623377,
    25251936.727272727,
    22443581.974025972,
    21022710.181818184,
    28225562.90909091,
    21932691.74025974,
    18134283.532467533,
    22128939.636363637,
    18326744.467532467,
    21199562.12987013,
    23250104.623376623,
    19058315.324675325,
    21956595.558441557,
    24413615.68831169,
    19530067.22077922,
    16978745.272727273,
    17673925.87012987,
    23462666.961038962,
    19204664.207792208,
    21833005.87012987,
    21916461.194805194,
    19294117.09090909,
    21086646.727272727,
    20961516.623376623,
    17695568.51948052,
    14462188.0,
    16353837.714285715,
    17280349.298701297,
    16053319.2987013,
    14059206.7012987,
    12366977.376623377,
    10133557.948051948,
    12927981.246753247,
    17471645.298701297,
    12338273.87012987,
    12585387.220779222,
    14170534.181818182,
    11678336.207792208,
    18666651.948051948,
    13003462.7012987,
    12556185.350649351,
    14225699.896103896,
    10232958.7012987,
    16112584.25974026,
    7558840.064935065,
    13832406.025974026,
    15591444.38961039,
    15796484.103896104,
    11404436.441558441,
    10119837.454545455,
    12668127.012987014,
    14161985.506493507,
    12309605.03896104,
    9991583.480519481,
    9288074.181818182
  ],
  "val_loss": [
    136084864.0,
    87698952.0,
    65463200.0,
    58184200.0,
    56142828.0,
    74478120.0,
    107089136.0,
    104691784.0,
    103693864.0,
    99681856.0,
    83959208.0,
    86657320.0,
    104681960.0,
    109627736.0,
    103849424.0,
    98921224.0,
    141661312.0,
    135054624.0,
    80449728.0,
    97768152.0,
    146618528.0,
    118665192.0,
    118425136.0,
    109865344.0,
    88931896.0,
    104888528.0,
    98161352.0,
    117468584.0,
    73752504.0,
    87605688.0,
    121794424.0,
    120577488.0,
    91885696.0,
    145712752.0,
    130662744.0,
    117554216.0,
    120106968.0,
    158549584.0,
    160003952.0,
    112045248.0,
    100282112.0,
    116523272.0,
    109945224.0,
    123421552.0,
    130322096.0,
    143974368.0,
    150311808.0,
    145675760.0,
    150743872.0,
    158693488.0,
    150855600.0,
    151235712.0,
    141921200.0,
    126555592.0,
    125712808.0,
    137551040.0,
    159686224.0,
    156913168.0,
    128752144.0,
    123783512.0,
    139277904.0,
    167585968.0,
    199754000.0,
    197157280.0,
    173861920.0,
    144822864.0,
    155246880.0,
    145334864.0,
    144483200.0,
    159719856.0,
    192209232.0,
    205908080.0,
    188148176.0,
    152382208.0,
    140171600.0,
    150927984.0,
    167043184.0,
    179640992.0,
    200841472.0,
    191163120.0,
    185825360.0,
    177942144.0,
    180561232.0,
    169277552.0,
    153991136.0,
    154103808.0,
    168850640.0,
    190849056.0,
    191852928.0,
    185874464.0,
    179587680.0,
    181653072.0,
    177835600.0,
    174848432.0,
    178681072.0,
    200422816.0,
    181883728.0,
    171444816.0,
    159668192.0,
    179402976.0
  ]
}