{
  "train_mae": 2587.254150390625,
  "train_rmse": 3346.95556640625,
  "train_mape": 0.04964794963598251,
  "val_mae": 10452.5888671875,
  "val_rmse": 13394.1396484375,
  "val_mape": 0.20740820467472076,
  "test_mae": 11375.3232421875,
  "test_rmse": 14241.6416015625,
  "test_mape": 0.20824815332889557
}