{
  "train_loss": [
    3510360436.3636365,
    3504704119.6883116,
    3497959044.987013,
    3503802235.012987,
    3503586500.155844,
    3497629629.5064936,
    3527332654.5454545,
    3510277828.155844,
    3510404521.5584416,
    3510439364.155844,
    3510451279.7922077,
    3510451386.181818,
    3510455791.376623,
    3510455851.2207794,
    3510447403.2207794,
    3510439676.6753244,
    3510417437.922078,
    3510409465.3506494,
    3510374423.2727275,
    3510246326.857143,
    3510129271.6883116,
    3504570600.7272725,
    3500670327.6883116,
    3504652899.7402596,
    3509116642.077922,
    3504396952.935065,
    3495696184.5194807,
    3507788740.155844,
    3504533045.194805,
    3501732318.753247,
    3497752532.7792206,
    3497736215.2727275,
    3499341923.7402596,
    3504387068.6753244,
    3501222067.5324674,
    3501985017.3506494,
    3496671823.7922077,
    3490376916.7792206,
    3502672344.103896,
    3501004736.8311687,
    3500478729.974026,
    3497567880.3116884,
    3501318855.4805193,
    3499407762.285714,
    3490553742.961039,
    3492555473.4545455,
    3489607443.948052,
    3499547029.6103897,
    3493098143.5844154,
    3495076937.142857
  ],
  "val_loss": [
    3804469248.0,
    3805938944.0,
    6.957817470145004e+17,
    2.5040711897635475e+28,
    3805997568.0,
    3805877504.0,
    3805876224.0,
    3805879808.0,
    3805871360.0,
    3805879040.0,
    3805881600.0,
    3805856000.0,
    3805864448.0,
    3805844736.0,
    3805833984.0,
    3805806848.0,
    3805780224.0,
    3805696000.0,
    3805556992.0,
    3805403904.0,
    3804816640.0,
    3769703168.0,
    Infinity,
    Infinity,
    Infinity,
    Infinity,
    Infinity,
    Infinity,
    Infinity,
    2.1034368847764304e+36,
    Infinity,
    6.679818324567654e+17,
    3805967104.0,
    3805950208.0,
    3805928192.0,
    3805917952.0,
    3805922048.0,
    3760405248.0,
    3805841408.0,
    3805876224.0,
    3805881088.0,
    3805881856.0,
    3805884672.0,
    1.3189873035594932e+26,
    3770465792.0,
    3805908992.0,
    3805909504.0,
    3805894144.0,
    3805892608.0,
    3805885184.0
  ]
}