{
  "train_mae": 980398637056.0,
  "train_rmse": 19236810391552.0,
  "train_mape": 17544714.0,
  "val_mae": 60258.9140625,
  "val_rmse": 61691.85546875,
  "val_mape": 0.9999845027923584,
  "test_mae": 60384.3828125,
  "test_rmse": 61941.56640625,
  "test_mape": 0.9999845027923584
}