year,month,group_center,refer_point1,refer_point2,refer_point3,refer_point4,group
2022,1,63581.10810810811,74882.14285714286,46425.09090909091,70882.41176470589,45449.0,0
2022,2,50165.92592592593,63472.5625,47026.681818181816,68049.07407407407,52564.666666666664,0
2022,3,87440.48148148147,64210.72727272727,79060.08333333333,81090.97101449275,54807.57142857143,0