year,month,group_center,refer_point1,refer_point2,refer_point3,refer_point4,group
2017,11,63555.23809523809,57228.17647058824,73874.6875,63721.15,37824.07692307692,0
2017,12,47273.44117647059,40340.642857142855,49433.541666666664,58276.15151515151,32959.71428571428,0
2018,1,45803.619047619046,60584.933333333334,44698.117647058825,46390.04651162791,34342.391304347824,0