year,month,group_center,refer_point1,refer_point2,refer_point3,refer_point4,group
2012,7,69258.2,66483.77777777778,40483.51612903226,53184.5,35694.25,0
2012,8,65419.431818181816,54163.77777777778,57857.2,59367.529411764706,28299.25925925926,0
2012,9,58539.76470588235,59837.48717948718,32231.625,66658.6,26373.275862068964,0