{
  "train_loss": [
    226491860.2247191,
    123400391.1011236,
    99378630.0224719,
    85601304.98876405,
    83245318.56179775,
    68732733.61797753,
    63345130.24719101,
    57421810.966292135,
    54644950.38202247,
    45869036.62921348,
    39944025.61797753,
    35914294.38202247,
    39116176.494382024,
    33114713.056179777,
    27918889.707865167,
    28814582.179775283,
    26986610.292134833,
    27409236.853932586,
    24397440.06741573,
    21596381.348314606,
    17808384.921348315,
    19516766.561797753,
    17300026.943820223,
    14796610.0,
    15781557.505617978,
    14069123.415730337,
    15529822.247191012,
    11138917.393258426,
    14144981.97752809,
    16161306.213483145
  ],
  "val_loss": [
    166288448.0,
    137785840.0,
    135468320.0,
    131706656.0,
    130735640.0,
    136380160.0,
    140778656.0,
    146680416.0,
    159599296.0,
    157948016.0,
    169435392.0,
    171621744.0,
    165949984.0,
    168208080.0,
    203700976.0,
    209841600.0,
    210613136.0,
    233635920.0,
    230708784.0,
    248049200.0,
    233947440.0,
    220676496.0,
    223815488.0,
    212948912.0,
    245728240.0,
    257247472.0,
    232859184.0,
    245654576.0,
    219978256.0,
    201440688.0
  ]
}