{
  "train_loss": [
    3510664009.142857,
    3510652086.857143,
    3510644696.103896,
    3510638625.246753,
    3510632168.7272725,
    3510626809.3506494,
    3510620120.103896,
    3510614594.4935064,
    3510609208.5194807,
    3510602535.896104,
    3510597286.233766,
    3510590726.6493506,
    3510586128.623377,
    3510580762.5974026,
    3510575579.428571,
    3510570369.662338,
    3510564591.376623,
    3510560541.922078,
    3510554427.844156,
    3510550458.181818,
    3510544487.064935,
    3510539756.051948,
    3510534197.194805,
    3510529389.714286,
    3510524675.3246756,
    3510520449.662338,
    3510516835.7402596,
    3510510485.6103897,
    3510505887.5844154,
    3510500987.012987,
    3510497243.428571,
    3510492771.7402596,
    3510488556.051948,
    3510484745.974026,
    3510479822.12987,
    3510475270.6493506,
    3510470459.844156,
    3510467823.376623,
    3510462603.6363635,
    3510459445.194805,
    3510455927.6883116,
    3510452287.1688313,
    3510448633.3506494,
    3510442808.5194807,
    3510439596.8831167,
    3510434929.038961,
    3510431225.3506494,
    3510428642.077922,
    3510425972.3636365,
    3510421996.051948
  ],
  "val_loss": [
    3801925632.0,
    3802413056.0,
    3804155136.0,
    3805114624.0,
    3805368320.0,
    3805718528.0,
    3805837824.0,
    3805995776.0,
    3806002688.0,
    3805838848.0,
    3805814528.0,
    3805862400.0,
    3805879552.0,
    3805814528.0,
    3805775360.0,
    3805839872.0,
    3805816320.0,
    3805807872.0,
    3805799680.0,
    3805768960.0,
    3805797120.0,
    3805773312.0,
    3805734144.0,
    3805771776.0,
    3805777408.0,
    3805760000.0,
    3805745152.0,
    3805768192.0,
    3805755648.0,
    3805748480.0,
    3805738496.0,
    3805734912.0,
    3805699584.0,
    3805702400.0,
    3805668864.0,
    3805618432.0,
    3805603840.0,
    3805636096.0,
    3805673728.0,
    3805698304.0,
    3805673472.0,
    3805705472.0,
    3805675520.0,
    3805680896.0,
    3805667072.0,
    3805674240.0,
    3805648128.0,
    3805601024.0,
    3805605888.0,
    3805616896.0
  ]
}