{
  "train_loss": [
    228112856.51948053,
    123303936.0,
    114285738.3896104,
    105709974.02597402,
    92262478.7012987,
    90961373.71428572,
    81942969.55844156,
    78800091.32467532,
    74015149.35064936,
    66862975.37662338,
    62406598.33766234,
    63680131.116883114,
    49977842.8051948,
    57892291.53246753,
    48039254.597402595,
    46416257.66233766,
    52441885.922077924,
    40157918.49350649,
    45621187.22077922,
    36363500.15584416,
    49492357.402597405,
    36051671.116883114,
    43091166.33766234,
    34408624.72727273,
    31471041.35064935,
    36162850.18181818,
    33480841.194805194,
    34795937.97402597,
    32427108.987012986,
    30761816.103896104,
    31311124.77922078,
    34617889.45454545,
    33939990.12987013,
    33017643.948051948,
    25555509.68831169,
    22936229.532467533,
    26414571.324675325,
    25583007.064935066,
    24395919.272727273,
    28181836.77922078,
    33793904.103896104,
    25506292.57142857,
    37809394.8051948,
    29783927.74025974,
    26618412.883116882,
    26367043.792207792,
    19409593.766233765,
    19032817.714285713,
    22553040.987012986,
    19404230.38961039
  ],
  "val_loss": [
    83815536.0,
    54856516.0,
    60714936.0,
    66517184.0,
    59787432.0,
    52611736.0,
    57165944.0,
    56834108.0,
    52182884.0,
    55326356.0,
    80141448.0,
    84693320.0,
    92378648.0,
    103245440.0,
    93379896.0,
    112914480.0,
    90551896.0,
    85223440.0,
    83563448.0,
    105652944.0,
    102881040.0,
    91079216.0,
    95126568.0,
    101615160.0,
    113939576.0,
    108853232.0,
    76456728.0,
    92545960.0,
    110740840.0,
    129461800.0,
    131406744.0,
    105938664.0,
    73745832.0,
    81705016.0,
    100185128.0,
    106173744.0,
    99545896.0,
    96680408.0,
    98740264.0,
    94393048.0,
    91185280.0,
    111167600.0,
    154610480.0,
    178081712.0,
    128936816.0,
    128045448.0,
    152215584.0,
    158226000.0,
    142720560.0,
    144874368.0
  ]
}