{
  "train_loss": [
    3510665867.6363635,
    3510651771.012987,
    3510644114.285714,
    3510638326.025974,
    3510632780.4675326,
    3510625752.103896,
    3510620306.285714,
    3510614973.5064936,
    3510608114.7012987,
    3510602353.038961,
    3510596867.3246756,
    3510592199.4805193,
    3510585676.4675326,
    3510580596.3636365,
    3510573820.6753244,
    3510568973.2987013,
    3510563830.025974,
    3510560452.155844,
    3510553862.6493506,
    3510549151.5844154,
    3510543625.974026,
    3510539902.337662,
    3510533861.4025974,
    3510528236.051948,
    3510524020.3636365,
    3510519259.428571,
    3510515964.6753244,
    3510511363.3246756,
    3510506126.961039,
    3510502323.5324674,
    3510496877.714286,
    3510492495.7922077,
    3510488559.376623,
    3510483103.5844154,
    3510479423.1688313,
    3510474449.4545455,
    3510470087.4805193,
    3510465659.012987,
    3510462424.103896,
    3510458537.5584416,
    3510453926.233766,
    3510449487.7922077,
    3510445947.012987,
    3510441847.6883116,
    3510439603.5324674,
    3510434343.896104,
    3510431757.2987013,
    3510427511.6883116,
    3510422963.5324674,
    3510419200.0,
    3510415792.2077923,
    3510412075.2207794,
    3510409202.7012987,
    3510406353.4545455,
    3510402573.2987013,
    3510399507.948052,
    3510394830.12987,
    3510393337.3506494,
    3510388001.246753,
    3510384633.3506494,
    3510381637.818182,
    3510378575.7922077,
    3510374336.8311687,
    3510373841.4545455,
    3510369416.3116884,
    3510367744.0,
    3510363199.1688313,
    3510359432.3116884,
    3510356257.246753,
    3510354169.3506494,
    3510351300.155844,
    3510349444.987013,
    3510345275.844156,
    3510342124.051948,
    3510339035.428571,
    3510335867.012987,
    3510333699.3246756,
    3510330833.4545455,
    3510329802.805195,
    3510326707.5324674,
    3510323090.285714,
    3510320669.922078,
    3510317498.181818,
    3510316331.2207794,
    3510315227.428571,
    3510312009.142857,
    3510307936.4155846,
    3510308850.7012987,
    3510305150.337662,
    3510303155.5324674,
    3510299192.5194807,
    3510297749.6103897,
    3510295345.87013,
    3510292253.922078,
    3510289248.4155846,
    3510289085.5064936,
    3510284746.805195,
    3510283150.961039,
    3510280664.103896,
    3510277977.766234
  ],
  "val_loss": [
    3805481728.0,
    3805409536.0,
    3806310400.0,
    3806109184.0,
    3805901056.0,
    3805936128.0,
    3805872640.0,
    3805921792.0,
    3805977088.0,
    3805914624.0,
    3805847296.0,
    3805892096.0,
    3805907712.0,
    3805851648.0,
    3805762816.0,
    3805756160.0,
    3805801216.0,
    3805869824.0,
    3805941760.0,
    3805879808.0,
    3805819136.0,
    3805794048.0,
    3805754624.0,
    3805773312.0,
    3805755136.0,
    3805714432.0,
    3805751808.0,
    3805798656.0,
    3805746432.0,
    3805725184.0,
    3805732096.0,
    3805735168.0,
    3805748992.0,
    3805734144.0,
    3805743104.0,
    3805696256.0,
    3805655808.0,
    3805681664.0,
    3805724160.0,
    3805676800.0,
    3805639168.0,
    3805684992.0,
    3805692416.0,
    3805630976.0,
    3805630976.0,
    3805667840.0,
    3805690624.0,
    3805659392.0,
    3805649664.0,
    3805641472.0,
    3805633792.0,
    3805716736.0,
    3805767680.0,
    3805736960.0,
    3805698816.0,
    3805695232.0,
    3805664512.0,
    3805607168.0,
    3805584128.0,
    3805601536.0,
    3805592320.0,
    3805569536.0,
    3805578752.0,
    3805614080.0,
    3805664512.0,
    3805664512.0,
    3805640960.0,
    3805608192.0,
    3805593088.0,
    3805581056.0,
    3805567744.0,
    3805560064.0,
    3805570560.0,
    3805556480.0,
    3805542144.0,
    3805537536.0,
    3805556992.0,
    3805607936.0,
    3805572608.0,
    3805558016.0,
    3805611264.0,
    3805597440.0,
    3805564160.0,
    3805550080.0,
    3805565440.0,
    3805526784.0,
    3805523968.0,
    3805546496.0,
    3805601280.0,
    3805580032.0,
    3805519104.0,
    3805485312.0,
    3805499904.0,
    3805490432.0,
    3805477120.0,
    3805488640.0,
    3805506304.0,
    3805523456.0,
    3805503744.0,
    3805478912.0
  ]
}