{
  "train_mae": 2198.82470703125,
  "train_rmse": 2788.2880859375,
  "train_mape": 0.03878502920269966,
  "val_mae": 10538.2119140625,
  "val_rmse": 14192.98046875,
  "val_mape": 0.18333445489406586,
  "test_mae": 8425.130859375,
  "test_rmse": 10009.908203125,
  "test_mape": 0.14809134602546692
}