{
  "train_mae": 57749.90234375,
  "train_rmse": 59247.34765625,
  "train_mape": 0.9999598860740662,
  "val_mae": 60255.64453125,
  "val_rmse": 61688.5625,
  "val_mape": 0.9999291300773621,
  "test_mae": 60382.74609375,
  "test_rmse": 61939.75,
  "test_mape": 0.9999600052833557
}