{
  "train_mae": 3306.94189453125,
  "train_rmse": 4303.861328125,
  "train_mape": 0.06501675397157669,
  "val_mae": 8701.6142578125,
  "val_rmse": 12036.376953125,
  "val_mape": 0.17769302427768707,
  "test_mae": 11372.3447265625,
  "test_rmse": 14342.9140625,
  "test_mape": 0.20505519211292267
}