{
  "train_mae": 57751.17578125,
  "train_rmse": 59248.71875,
  "train_mape": 0.9999806880950928,
  "val_mae": 60256.9296875,
  "val_rmse": 61689.68359375,
  "val_mape": 0.999954104423523,
  "test_mae": 60383.3984375,
  "test_rmse": 61940.40234375,
  "test_mape": 0.9999716877937317
}