{
  "train_loss": [
    3510660528.2077923,
    3510650753.662338,
    3510644077.714286,
    3510637687.6883116,
    3510631214.5454545,
    3510625166.961039,
    3510619923.948052,
    3510613902.961039,
    3510607592.7272725,
    3510601884.2597404,
    3510595750.233766,
    3510590985.974026,
    3510584569.3506494,
    3510579509.194805,
    3510575187.1168833,
    3510569179.428571,
    3510563574.025974,
    3510558098.285714,
    3510554141.922078,
    3510547987.948052,
    3510543147.2207794,
    3510537708.051948,
    3510534057.5584416,
    3510529346.4935064,
    3510525120.8311687,
    3510519924.3636365,
    3510516197.4025974,
    3510511975.064935,
    3510507739.428571,
    3510501931.2207794,
    3510497762.077922,
    3510494799.7922077,
    3510488546.077922,
    3510483801.766234,
    3510480945.87013,
    3510475869.090909,
    3510471460.571429,
    3510467337.974026,
    3510461632.8311687,
    3510459628.051948,
    3510454395.012987,
    3510450289.038961,
    3510447642.5974026,
    3510443922.285714,
    3510438596.155844,
    3510436298.805195,
    3510432292.571429,
    3510427528.3116884,
    3510424948.3636365,
    3510421181.5064936
  ],
  "val_loss": [
    3804641280.0,
    3805206016.0,
    3805598976.0,
    3805989376.0,
    3806029312.0,
    3806000896.0,
    3805978880.0,
    3805959424.0,
    3805956352.0,
    3805902080.0,
    3805875456.0,
    3805816832.0,
    3805787392.0,
    3805778432.0,
    3805841408.0,
    3805859840.0,
    3805839872.0,
    3805811968.0,
    3805815552.0,
    3805816320.0,
    3805807872.0,
    3805820416.0,
    3805862400.0,
    3805872640.0,
    3805844992.0,
    3805799680.0,
    3805720064.0,
    3805637376.0,
    3805673472.0,
    3805626112.0,
    3805596928.0,
    3805676800.0,
    3805741568.0,
    3805779712.0,
    3805753600.0,
    3805737728.0,
    3805754624.0,
    3805734912.0,
    3805697280.0,
    3805679872.0,
    3805644800.0,
    3805594112.0,
    3805534208.0,
    3805618944.0,
    3805657344.0,
    3805679360.0,
    3805644288.0,
    3805587456.0,
    3805644032.0,
    3805678336.0
  ]
}