{
  "train_mae": 57751.4375,
  "train_rmse": 59248.9765625,
  "train_mape": 0.9999850392341614,
  "val_mae": 60257.4375,
  "val_rmse": 61690.18359375,
  "val_mape": 0.9999630451202393,
  "test_mae": 60383.64453125,
  "test_rmse": 61940.640625,
  "test_mape": 0.9999762773513794
}